_id,name,description,category,brand,price,discount.percentage,discount.discountedPrice,stock,isAvailable,variants[0].size,variants[1].size,variants[2].size,variants[0].price,variants[1].price,variants[2].price,variants[0].stock,variants[1].stock,variants[2].stock,images[0],images[1],images[2],images[3],images[4],images[5],images[6],images[7],ingredients[0],ingredients[1],ingredients[2],ingredients[3],ingredients[4],ingredients[5],ingredients[6],ingredients[7],ingredients[8],ingredients[9],ingredients[10],ingredients[11],aiSkinSuitability[0],averageRating,reviewCount,ratingBuckets.1,ratingBuckets.2,ratingBuckets.3,ratingBuckets.4,ratingBuckets.5,usageInstructions,precautions,soldCount,isFeatured,isDeleted,createdAt,updatedAt,skinProblem,__v,variants[0]._id,variants[1]._id
6813d8fe1b7e1b71a1378270,Cetaphil Gentle Clear Triple-Action Acne Serum,"A gentle yet powerful triple-action serum that exfoliates, clears, and prevents acne while soothing sensitive skin.",Serum,Cetaphil,19.99,0,19.99,36,true,75ml,15ml,,19.99,19.99,,10,26,,https://res.cloudinary.com/dkimm1q5r/image/upload/v1746133746/myShop/products/bd1fd8e8-515a-41e2-b988-4060a362f49a.webp,https://res.cloudinary.com/dkimm1q5r/image/upload/v1746133746/myShop/products/29a6abea-b8a5-4847-865e-88a6698f89b8.jpg,https://res.cloudinary.com/dkimm1q5r/image/upload/v1746133745/myShop/products/dc489441-0a4a-469b-b5f8-e08aa7ecc94d.jpg,https://res.cloudinary.com/dkimm1q5r/image/upload/v1746133745/myShop/products/73236604-b297-4fec-bd5f-9966436ae33b.jpg,https://res.cloudinary.com/dkimm1q5r/image/upload/v1746133746/myShop/products/9f549457-902f-4994-81f3-075b061ff2f3.jpg,,,,0.5% Salicylic Acid,Succinic Acid,,,,,,,,,,,Dry,0,0,0,0,0,0,0,"After cleansing, apply 2–3 drops to face (or targeted area) morning and night before moisturizer.","Patch test before first use. Avoid contact with eyes. If irritation occurs, discontinue use.",0,false,false,2025-05-01T00:00:00.000Z,2025-05-01T21:09:07.689Z,Acne,1,,
6813d8fe1b7e1b71a1378271,SheaMoisture Nourished & Radiant Acne Treatment Serum,"A nourishing and radiant treatment serum that reduces blemishes, calms inflammation, and boosts skin clarity.",Serum,SheaMoisture,11.99,0,11.99,122,true,100ml,,,11.99,,,122,,,https://res.cloudinary.com/dkimm1q5r/image/upload/v1746133708/myShop/products/3201f07d-b838-447d-bd42-b23f3844001a.avif,https://res.cloudinary.com/dkimm1q5r/image/upload/v1746133708/myShop/products/7da9614a-ff2b-46a1-9909-2804e2636f56.avif,https://res.cloudinary.com/dkimm1q5r/image/upload/v1746133708/myShop/products/cc4d1bb0-eba6-4821-8917-0e4a4277be5f.avif,https://res.cloudinary.com/dkimm1q5r/image/upload/v1746133709/myShop/products/ae6256ad-8422-4518-8258-86a5728943e8.avif,,,,,2% Salicylic Acid,Niacinamide,Elderberry Complex,,,,,,,,,,Dry,0,0,0,0,0,0,0,"After cleansing, apply 2–3 drops to face (or targeted area) morning and night before moisturizer.","Patch test before first use. Avoid contact with eyes. If irritation occurs, discontinue use.",0,false,false,2025-05-01T00:00:00.000Z,2025-05-01T21:08:41.996Z,Acne,2,,
6813d8fe1b7e1b71a1378272,La Roche-Posay Effaclar Ultra Concentrated Anti-Acne Serum,An ultra-concentrated anti-acne formula that deeply penetrates pores to eliminate breakouts and refine skin texture.,Serum,La Roche-Posay,39.99,0,39.99,186,true,30ml,15ml,,39.99,39.99,,54,132,,https://res.cloudinary.com/dkimm1q5r/image/upload/v1746133795/myShop/products/dcfbab4f-6835-4d54-9553-5511f7281a16.webp,,,,,,,,Salicylic Acid,Niacinamide,,,,,,,,,,,Dry,0,0,0,0,0,0,0,"After cleansing, apply 2–3 drops to face (or targeted area) morning and night before moisturizer.","Patch test before first use. Avoid contact with eyes. If irritation occurs, discontinue use.",0,false,false,2025-05-01T00:00:00.000Z,2025-05-01T21:09:56.868Z,Acne,1,,
6813d8fe1b7e1b71a1378273,Tea Tree Acne Treatment Serum,A natural tea tree oil-based serum that targets acne-causing bacteria and reduces redness for clearer skin.,Serum,BREYLEE,9.99,0,9.99,284,true,50ml,100ml,,9.99,9.99,,97,187,,https://res.cloudinary.com/dkimm1q5r/image/upload/v1746133614/myShop/products/9b8266ef-010f-402a-bbb2-7be7292bbb2b.jpg,https://res.cloudinary.com/dkimm1q5r/image/upload/v1746133613/myShop/products/79b307ae-ef30-4dad-a104-c0e90dddf34a.jpg,https://res.cloudinary.com/dkimm1q5r/image/upload/v1746133614/myShop/products/61cb796c-295b-4498-a161-e7727b07e57f.png,,,,,,Tea Tree Oil,Camellia Sinensis Leaf Extract,,,,,,,,,,,Dry,0,0,0,0,0,0,0,"After cleansing, apply 2–3 drops to face (or targeted area) morning and night before moisturizer.","Patch test before first use. Avoid contact with eyes. If irritation occurs, discontinue use.",0,true,false,2025-05-01T00:00:00.000Z,2025-05-01T21:40:45.711Z,Acne,2,6813ea5dfa64980c17b1cf30,6813ea5dfa64980c17b1cf31
6813d8fe1b7e1b71a1378274,Exposed Acne Treatment Serum,A robust acne treatment serum combining benzoyl peroxide and tea tree oil to combat stubborn breakouts.,Serum,Exposed Skin Care,22.95,0,22.95,95,true,100ml,,,22.95,,,95,,,https://res.cloudinary.com/dkimm1q5r/image/upload/v1746133538/myShop/products/07ae53eb-81c0-4303-8c7a-701c6076bce2.webp,https://res.cloudinary.com/dkimm1q5r/image/upload/v1746133538/myShop/products/3bc93227-3629-4292-a555-c7fe5e316acc.jpg,https://res.cloudinary.com/dkimm1q5r/image/upload/v1746133538/myShop/products/93484b25-dd72-45ec-bc89-9430b2a72d51.webp,https://res.cloudinary.com/dkimm1q5r/image/upload/v1746133538/myShop/products/561f1aac-6a1d-4359-ba97-5ada3ec5b7fd.webp,,,,,3.5% Benzoyl Peroxide,Tea Tree Oil,,,,,,,,,,,Oily,0,0,0,0,0,0,0,"After cleansing, apply 2–3 drops to face (or targeted area) morning and night before moisturizer.","Patch test before first use. Avoid contact with eyes. If irritation occurs, discontinue use.",0,false,false,2025-05-01T00:00:00.000Z,2025-05-01T21:05:39.810Z,Acne,1,,
6813d8fe1b7e1b71a1378275,LaHaye Face Forward Acne Treatment Serum,An advanced acne treatment serum with micronized benzoyl peroxide and glycolic acid to exfoliate and heal.,Serum,LaHaye,45,0,45,28,true,100ml,,,45,,,28,,,https://res.cloudinary.com/dkimm1q5r/image/upload/v1746133591/myShop/products/a38d377a-44a1-4308-abe1-5dc04542b655.webp,https://res.cloudinary.com/dkimm1q5r/image/upload/v1746133591/myShop/products/6837bcdc-f34f-4d0c-b741-fd66373e6d05.webp,https://res.cloudinary.com/dkimm1q5r/image/upload/v1746133591/myShop/products/de18cea7-2631-4efd-a561-9f8f139a946c.webp,https://res.cloudinary.com/dkimm1q5r/image/upload/v1746133591/myShop/products/94be4df9-70ff-4c14-99c3-3095f58beb66.webp,,,,,Micronized Benzoyl Peroxide,Glycolic Acid,,,,,,,,,,,Oily,0,0,0,0,0,0,0,"After cleansing, apply 2–3 drops to face (or targeted area) morning and night before moisturizer.","Patch test before first use. Avoid contact with eyes. If irritation occurs, discontinue use.",0,false,false,2025-05-01T00:00:00.000Z,2025-05-01T21:06:32.749Z,Acne,1,,
6813d8fe1b7e1b71a1378276,Murad Deep Relief Acne Treatment,"A deep-relief formula that soothes active acne, reduces swelling, and promotes skin repair.",Serum,Murad,42,0,42,151,true,50ml,100ml,30ml,42,42,42,48,23,80,https://res.cloudinary.com/dkimm1q5r/image/upload/v1746133774/myShop/products/13ea6a24-74ea-405c-bec8-3c3b8b876ac1.webp,https://res.cloudinary.com/dkimm1q5r/image/upload/v1746133775/myShop/products/16f4e4c8-f94a-405c-acc9-6850f58c79e1.webp,https://res.cloudinary.com/dkimm1q5r/image/upload/v1746133775/myShop/products/b360b702-2cd4-4e15-8050-68097fea71be.webp,https://res.cloudinary.com/dkimm1q5r/image/upload/v1746133775/myShop/products/01117304-96a3-4487-8320-cdb5ee365906.webp,https://res.cloudinary.com/dkimm1q5r/image/upload/v1746133774/myShop/products/f94d699f-5f36-4721-bd16-976c1ca882b3.webp,https://res.cloudinary.com/dkimm1q5r/image/upload/v1746133774/myShop/products/3fe36fbe-842a-49f4-a8aa-a2ef6d51905a.webp,,,2% Salicylic Acid,Ground Cherry Extract,,,,,,,,,,,Oily,0,0,0,0,0,0,0,"After cleansing, apply 2–3 drops to face (or targeted area) morning and night before moisturizer.","Patch test before first use. Avoid contact with eyes. If irritation occurs, discontinue use.",0,false,false,2025-05-01T00:00:00.000Z,2025-05-01T21:09:36.741Z,Acne,1,,
6813d8fe1b7e1b71a1378277,CeraVe Acne Control Gel,"A clear-control gel that combines salicylic acid, ceramides, and lactic-glycolic acid to treat and prevent acne.",Serum,CeraVe,19.99,0,19.99,248,true,75ml,15ml,50ml,19.99,19.99,19.99,178,19,51,https://res.cloudinary.com/dkimm1q5r/image/upload/v1746133562/myShop/products/7ed523e9-0045-488e-9496-39c8351c407c.webp,https://res.cloudinary.com/dkimm1q5r/image/upload/v1746133562/myShop/products/44de261e-d238-475c-8473-0b707afc271d.webp,https://res.cloudinary.com/dkimm1q5r/image/upload/v1746133563/myShop/products/70bcf9d7-622f-4228-abe3-23ef59efdbd4.webp,https://res.cloudinary.com/dkimm1q5r/image/upload/v1746133563/myShop/products/9ab0b25b-756f-4f40-abe0-61274d84fcc2.webp,,,,,2% Salicylic Acid,Ceramides,Lactic-Glycolic Acid,,,,,,,,,,Oily,0,0,0,0,0,0,0,"After cleansing, apply 2–3 drops to face (or targeted area) morning and night before moisturizer.","Patch test before first use. Avoid contact with eyes. If irritation occurs, discontinue use.",0,false,false,2025-05-01T00:00:00.000Z,2025-05-01T21:24:19.275Z,Acne,1,,
6813d8fe1b7e1b71a1378278,Thayers Double Action Acne Serum,A dual-action serum that fights acne and replenishes moisture with salicylic acid and hyaluronic acid.,Serum,Thayers,15,0,15,204,true,75ml,30ml,,15,15,,166,38,,https://res.cloudinary.com/dkimm1q5r/image/upload/v1746133456/myShop/products/5872ea4e-f4c2-4bb3-8fb6-2c0167efe7e6.webp,https://res.cloudinary.com/dkimm1q5r/image/upload/v1746133456/myShop/products/fca6b7ab-77bc-44e0-80ec-98b5d5e986eb.jpg,https://res.cloudinary.com/dkimm1q5r/image/upload/v1746133456/myShop/products/756a4668-ba8f-491d-9b05-1eaafff51515.jpg,https://res.cloudinary.com/dkimm1q5r/image/upload/v1746133456/myShop/products/95afd6c4-b26a-4159-b015-20de047c6cd3.jpg,https://res.cloudinary.com/dkimm1q5r/image/upload/v1746133456/myShop/products/ac0380e6-f4e3-4c5c-9b0d-a174b0154391.jpg,,,,Salicylic Acid,Hyaluronic Acid,Ceramides,,,,,,,,,,Normal,0,0,0,0,0,0,0,"After cleansing, apply 2–3 drops to face (or targeted area) morning and night before moisturizer.","Patch test before first use. Avoid contact with eyes. If irritation occurs, discontinue use.",0,true,false,2025-05-01T00:00:00.000Z,2025-05-05T13:02:41.686Z,Acne,20,6818b6f19d95e60328b85320,6818b6f19d95e60328b85321
6813d8fe1b7e1b71a1378279,Anti Acne Serum,A lightweight acne-fighting serum enriched with oleanolic acid and NDGA to balance and clarify skin.,Serum,Vince,7,0,7,298,true,30ml,100ml,,7,7,,164,134,,https://res.cloudinary.com/dkimm1q5r/image/upload/v1746133645/myShop/products/8264f595-7ef9-4050-a6eb-77be6c90f790.webp,https://res.cloudinary.com/dkimm1q5r/image/upload/v1746133646/myShop/products/d8434b34-e476-4de3-a281-6a3c54a39744.webp,https://res.cloudinary.com/dkimm1q5r/image/upload/v1746133646/myShop/products/b1ec4cb0-82ab-4074-a69a-3313ba22ec70.webp,,,,,,Oleanolic acid,Capryly Glycol,NDGA,,,,,,,,,,Normal,0,0,0,0,0,0,0,"After cleansing, apply 2–3 drops to face (or targeted area) morning and night before moisturizer.","Patch test before first use. Avoid contact with eyes. If irritation occurs, discontinue use.",0,false,false,2025-05-01T00:00:00.000Z,2025-05-01T21:07:27.640Z,Acne,1,,
6813d8fe1b7e1b71a137827a,Anti Acne Clarifying,A clarifying serum with multi-weight hyaluronic acids and exfoliating acids to deeply hydrate and clear pores.,Serum,Olim Naturals,5,0,5,36,true,15ml,,,5,,,36,,,https://res.cloudinary.com/dkimm1q5r/image/upload/v1746133480/myShop/products/f407b21d-8bf5-4d86-86c7-274538803f70.webp,https://res.cloudinary.com/dkimm1q5r/image/upload/v1746133480/myShop/products/07ba2ebb-3ea0-453f-abc0-42375d6cc0e0.avif,,,,,,,NMW & LMW Hyaluronic Acid,Salicylic Acid,Glycolic Acid,Lactic Acid,,,,,,,,,Normal,0,0,0,0,0,0,0,"After cleansing, apply 2–3 drops to face (or targeted area) morning and night before moisturizer.","Patch test before first use. Avoid contact with eyes. If irritation occurs, discontinue use.",0,false,false,2025-05-01T00:00:00.000Z,2025-05-01T21:04:41.608Z,Acne,9,6813d9e40642a2748ea8bb59,
6813d8fe1b7e1b71a137827b,Medicube Deep Reviving Peptide Eye Cream,"Medicube Deep Reviving Peptide Eye Cream is a targeted eye treatment designed to visibly reduce dark circles, puffiness, and signs of fatigue while hydrating the delicate under-eye area.",Cream,Medicube,38,0,38,63,true,50ml,,,38,,,63,,,https://res.cloudinary.com/dkimm1q5r/image/upload/v1746134579/myShop/products/a3153d2f-a7ee-4d1a-a830-ba8e4ee5197c.png,https://res.cloudinary.com/dkimm1q5r/image/upload/v1746134581/myShop/products/9b443142-170e-4e12-bbdf-25c956fe4ea1.png,https://res.cloudinary.com/dkimm1q5r/image/upload/v1746134583/myShop/products/dcae4fd4-3c00-4f40-b7f4-f77553ec6386.png,https://res.cloudinary.com/dkimm1q5r/image/upload/v1746134581/myShop/products/48c95dfa-2764-4316-a8b3-69adf0a93a76.png,https://res.cloudinary.com/dkimm1q5r/image/upload/v1746134581/myShop/products/46106549-89b1-4f5f-b53c-432e01eaaf14.png,,,,Peptides,Hyaluronic Acid,,,,,,,,,,,Dry Skin,0,0,0,0,0,0,0,Apply gently to the under-eye area (or face) morning and evening.,"For external use only. Avoid contact with eyes. If irritation occurs, discontinue use.",0,false,false,2025-05-01T19:47:51.335351,2025-05-01T21:41:57.793Z,Dark Circles,4,6813eaa5fa64980c17b1cfc2,
6813d8fe1b7e1b71a137827c,Cetaphil Healthy Renew Eye Gel Serum,"Cetaphil Healthy Renew Eye Gel Serum is a targeted eye treatment designed to visibly reduce dark circles, puffiness, and signs of fatigue while hydrating the delicate under-eye area.",Serum,Cetaphil,22.99,0,22.99,167,true,50ml,30ml,15ml,22.99,22.99,22.99,71,26,70,https://res.cloudinary.com/dkimm1q5r/image/upload/v1746134556/myShop/products/c4a83137-0c5b-47af-923c-6bf4cf55a790.png,https://res.cloudinary.com/dkimm1q5r/image/upload/v1746134556/myShop/products/23359d0c-d571-4085-a710-26b46a5b494f.webp,https://res.cloudinary.com/dkimm1q5r/image/upload/v1746134556/myShop/products/4934e494-59bf-4ee4-ac40-3cb621ce3e9e.jpg,https://res.cloudinary.com/dkimm1q5r/image/upload/v1746134556/myShop/products/25208bcf-1249-46eb-b586-9cedbfeaf2c0.jpg,https://res.cloudinary.com/dkimm1q5r/image/upload/v1746134556/myShop/products/9d547262-5597-4842-b7c6-84ad2ed99cdf.jpg,,,,Vitamin B3,B5,E,Peptides,,,,,,,,,Dry Skin,0,0,0,0,0,0,0,"After cleansing, apply 2–3 drops to face (or targeted area) morning and night before moisturizer.","Patch test before first use. Avoid contact with eyes. If irritation occurs, discontinue use.",0,false,false,2025-05-01T19:47:51.335351,2025-05-01T21:22:37.678Z,Dark Circles,1,,
6813d8fe1b7e1b71a137827d,Biossance Squalane + Marine Algae Eye Cream,"Biossance Squalane + Marine Algae Eye Cream is a targeted eye treatment designed to visibly reduce dark circles, puffiness, and signs of fatigue while hydrating the delicate under-eye area.",Cream,Biossance,54,0,54,175,true,30ml,50ml,15ml,54,54,54,59,82,34,https://res.cloudinary.com/dkimm1q5r/image/upload/v1746134528/myShop/products/f2438e11-09f7-4117-a21a-b93c22e2b1c5.avif,https://res.cloudinary.com/dkimm1q5r/image/upload/v1746134528/myShop/products/b9c10359-7cd2-4fd7-a0a5-1d2ebed4b2f2.avif,https://res.cloudinary.com/dkimm1q5r/image/upload/v1746134528/myShop/products/612f56e9-ce0b-4abf-a53e-d3d1adda81b0.avif,https://res.cloudinary.com/dkimm1q5r/image/upload/v1746134528/myShop/products/56b11ce7-4462-4960-9e98-6b7fc914c3ba.avif,https://res.cloudinary.com/dkimm1q5r/image/upload/v1746134528/myShop/products/d0e74b97-2707-4097-b8b0-61a0ff8bae99.avif,,,,Marine Algae,Squalane,,,,,,,,,,,Dry Skin,0,0,0,0,0,0,0,Apply gently to the under-eye area (or face) morning and evening.,"For external use only. Avoid contact with eyes. If irritation occurs, discontinue use.",0,false,false,2025-05-01T19:47:51.335351,2025-05-01T21:22:18.663Z,Dark Circles,2,,
6813d8fe1b7e1b71a137827e,The Ordinary Caffeine Solution 5% + EGCG,"The Ordinary Caffeine Solution 5% + EGCG is a targeted eye treatment designed to visibly reduce dark circles, puffiness, and signs of fatigue while hydrating the delicate under-eye area.",Serum,The Ordinary,8.9,0,8.9,98,true,15ml,50ml,30ml,8.9,8.9,8.9,31,10,57,https://res.cloudinary.com/dkimm1q5r/image/upload/v1746134382/myShop/products/d40884ba-7f0a-4ade-ba8d-2427b23b89aa.webp,https://res.cloudinary.com/dkimm1q5r/image/upload/v1746134381/myShop/products/25639da3-d5a6-4b2b-9df0-8c082820e498.webp,,,,,,,Caffeine,EGCG,,,,,,,,,,,Oily Skin,0,0,0,0,0,0,0,"After cleansing, apply 2–3 drops to face (or targeted area) morning and night before moisturizer.","Patch test before first use. Avoid contact with eyes. If irritation occurs, discontinue use.",0,false,false,2025-05-01T19:47:51.335351,2025-05-01T21:19:43.530Z,Dark Circles,1,,
6813d8fe1b7e1b71a137827f,SkinCeuticals AOX+ Eye Gel,"SkinCeuticals AOX+ Eye Gel is a targeted eye treatment designed to visibly reduce dark circles, puffiness, and signs of fatigue while hydrating the delicate under-eye area.",Gel,SkinCeuticals,102,0,102,37,true,30ml,,,102,,,37,,,https://res.cloudinary.com/dkimm1q5r/image/upload/v1746134430/myShop/products/a47f2d5b-1a38-4e7c-9c24-27a39b76dcd2.webp,https://res.cloudinary.com/dkimm1q5r/image/upload/v1746134430/myShop/products/474d6138-0b94-4c72-a720-6a37b1addf95.webp,https://res.cloudinary.com/dkimm1q5r/image/upload/v1746134430/myShop/products/96a07f3a-e0b9-4131-9337-90de0638f086.webp,https://res.cloudinary.com/dkimm1q5r/image/upload/v1746134430/myShop/products/58accdcc-7928-4905-ad2d-b4c3e6f91387.jpg,https://res.cloudinary.com/dkimm1q5r/image/upload/v1746134430/myShop/products/b4dc28d8-3e52-4452-b1d2-5451dc3e0177.jpg,https://res.cloudinary.com/dkimm1q5r/image/upload/v1746134430/myShop/products/90e34b01-df9a-4444-931f-f87f7e2d189a.jpg,https://res.cloudinary.com/dkimm1q5r/image/upload/v1746134430/myShop/products/cde96285-09ff-400b-96af-2fbda152fb2a.jpg,https://res.cloudinary.com/dkimm1q5r/image/upload/v1746134430/myShop/products/3bba0f1e-80f9-4cfb-ae47-d53a35f5ae61.jpg,Phloretin,Vitamin C,Ferulic Acid,,,,,,,,,,Oily Skin,0,0,0,0,0,0,0,Apply gently to the under-eye area (or face) morning and evening.,"For external use only. Avoid contact with eyes. If irritation occurs, discontinue use.",0,false,false,2025-05-01T19:47:51.335351,2025-05-01T21:20:31.455Z,Dark Circles,1,,
6813d8fe1b7e1b71a1378280,Perricone MD Vitamin C Ester Brightening Eye Serum,"Perricone MD Vitamin C Ester Brightening Eye Serum is a targeted eye treatment designed to visibly reduce dark circles, puffiness, and signs of fatigue while hydrating the delicate under-eye area.",Serum,Perricone MD,55,0,55,15,true,50ml,,,55,,,15,,,https://res.cloudinary.com/dkimm1q5r/image/upload/v1746134285/myShop/products/d02c4d52-7c88-458c-87dc-5a71bbcf1812.avif,https://res.cloudinary.com/dkimm1q5r/image/upload/v1746134285/myShop/products/f7b0477e-4a03-4512-ac7b-bdc654df5025.avif,https://res.cloudinary.com/dkimm1q5r/image/upload/v1746134285/myShop/products/b710e88f-f814-484b-a976-3793e42224e2.avif,,,,,,Vitamin C Ester,Tocotrienols,,,,,,,,,,,Oily Skin,0,0,0,0,0,0,0,"After cleansing, apply 2–3 drops to face (or targeted area) morning and night before moisturizer.","Patch test before first use. Avoid contact with eyes. If irritation occurs, discontinue use.",0,true,false,2025-05-01T19:47:51.335351,2025-05-01T21:42:58.912Z,Dark Circles,2,6813eae2fa64980c17b1d028,
6813d8fe1b7e1b71a1378281,Tocobo Collagen Brightening Eye Gel Cream,"Tocobo Collagen Brightening Eye Gel Cream is a targeted eye treatment designed to visibly reduce dark circles, puffiness, and signs of fatigue while hydrating the delicate under-eye area.",Cream,Tocobo,15.99,0,15.99,100,true,30ml,,,15.99,,,100,,,https://res.cloudinary.com/dkimm1q5r/image/upload/v1746134447/myShop/products/59904b4f-5701-455a-898b-d6098fd2c2f0.webp,https://res.cloudinary.com/dkimm1q5r/image/upload/v1746134448/myShop/products/fd42d015-361c-41a0-9afd-7b358012b9cb.webp,https://res.cloudinary.com/dkimm1q5r/image/upload/v1746134447/myShop/products/c2e62642-d745-4448-b75f-32c60b58781e.webp,https://res.cloudinary.com/dkimm1q5r/image/upload/v1746134448/myShop/products/f8a21518-be97-4ee4-9471-ec5668d4c291.webp,https://res.cloudinary.com/dkimm1q5r/image/upload/v1746134447/myShop/products/da80a800-b850-41d9-ae54-af50cd17494c.webp,https://res.cloudinary.com/dkimm1q5r/image/upload/v1746134448/myShop/products/6f4c2093-71c5-453b-ad8f-f7185bc2f474.webp,https://res.cloudinary.com/dkimm1q5r/image/upload/v1746134448/myShop/products/31e8a7c5-4d8e-447f-9231-60e911b1ef2b.webp,https://res.cloudinary.com/dkimm1q5r/image/upload/v1746134452/myShop/products/7616c4a8-6689-46eb-a9ce-c439416754c8.webp,Hydrolyzed Collagen,Niacinamide,,,,,,,,,,,Oily Skin,0,0,0,0,0,0,0,Apply gently to the under-eye area (or face) morning and evening.,"For external use only. Avoid contact with eyes. If irritation occurs, discontinue use.",0,false,false,2025-05-01T19:47:51.335351,2025-05-01T21:24:00.112Z,Dark Circles,2,,
6813d8fe1b7e1b71a1378282,Estée Lauder Advanced Night Repair Eye Gel-Creme,"Estée Lauder Advanced Night Repair Eye Gel-Creme is a targeted eye treatment designed to visibly reduce dark circles, puffiness, and signs of fatigue while hydrating the delicate under-eye area.",Cream,Estée Lauder,72,0,72,118,true,30ml,50ml,,72,72,,37,81,,https://res.cloudinary.com/dkimm1q5r/image/upload/v1746134505/myShop/products/372e1d88-2601-4ded-aad3-acfca60f9691.avif,https://res.cloudinary.com/dkimm1q5r/image/upload/v1746134504/myShop/products/9e7853ab-9b86-473e-aee9-0b22f7115947.avif,https://res.cloudinary.com/dkimm1q5r/image/upload/v1746134505/myShop/products/1eb93e8a-b909-4453-a9e2-82bec50bea29.avif,https://res.cloudinary.com/dkimm1q5r/image/upload/v1746134506/myShop/products/a01b6915-a1b6-4a1e-a695-796ed4b8d6d8.webp,https://res.cloudinary.com/dkimm1q5r/image/upload/v1746134505/myShop/products/57c6bf71-b208-4d21-9181-9acb8358bd27.avif,,,,ChronoluxCB™,Hyaluronic Acid,,,,,,,,,,,Oily Skin,0,0,0,0,0,0,0,Apply gently to the under-eye area (or face) morning and evening.,"For external use only. Avoid contact with eyes. If irritation occurs, discontinue use.",0,false,false,2025-05-01T19:47:51.335351,2025-05-01T21:21:47.463Z,Dark Circles,1,,
6813d8fe1b7e1b71a1378283,ISDIN K-Ox Eyes Cream,"ISDIN K-Ox Eyes Cream is a targeted eye treatment designed to visibly reduce dark circles, puffiness, and signs of fatigue while hydrating the delicate under-eye area.",Cream,ISDIN,92,0,92,106,true,50ml,15ml,,92,92,,44,62,,https://res.cloudinary.com/dkimm1q5r/image/upload/v1746134475/myShop/products/45877ffa-7428-43c0-83fc-4e1bc60e09fb.webp,https://res.cloudinary.com/dkimm1q5r/image/upload/v1746134475/myShop/products/733597bf-37f6-41a3-9a02-547c6bfefa2a.webp,https://res.cloudinary.com/dkimm1q5r/image/upload/v1746134475/myShop/products/038d1fcd-01b4-4dfc-b656-d33d25d248a2.webp,https://res.cloudinary.com/dkimm1q5r/image/upload/v1746134475/myShop/products/c0092ccb-6332-4d3a-bd78-240fa8e4b849.webp,https://res.cloudinary.com/dkimm1q5r/image/upload/v1746134475/myShop/products/6af50510-4618-43c5-901f-12c6a41dfbbf.webp,,,,Vitamin K Oxide,Haloxyl,Hyaluronic Acid,,,,,,,,,,Normal Skin,0,0,0,0,0,0,0,Apply gently to the under-eye area (or face) morning and evening.,"For external use only. Avoid contact with eyes. If irritation occurs, discontinue use.",0,false,false,2025-05-01T19:47:51.335351,2025-05-01T21:21:16.605Z,Dark Circles,1,,
6813d8fe1b7e1b71a1378284,Ole Henriksen Banana Bright+ Eye Crème,"Ole Henriksen Banana Bright+ Eye Crème is a targeted eye treatment designed to visibly reduce dark circles, puffiness, and signs of fatigue while hydrating the delicate under-eye area.",Cream,Ole Henriksen,44,0,44,42,true,30ml,,,44,,,42,,,https://res.cloudinary.com/dkimm1q5r/image/upload/v1746135002/myShop/products/5f30ed0b-d2cc-40d4-a325-52bb3a5d3d95.webp,https://res.cloudinary.com/dkimm1q5r/image/upload/v1746135002/myShop/products/388a2931-af8f-424d-bf11-d3d419909f2d.webp,https://res.cloudinary.com/dkimm1q5r/image/upload/v1746135004/myShop/products/ea36ddde-d6b6-4e73-a64a-565100a13096.webp,https://res.cloudinary.com/dkimm1q5r/image/upload/v1746135003/myShop/products/71a1b4cf-0709-4856-9fe8-3e0f6a822e27.webp,https://res.cloudinary.com/dkimm1q5r/image/upload/v1746135003/myShop/products/0741c8f0-5234-4def-9e89-d3a07f75659a.webp,,,,Vitamin C,Collagen,,,,,,,,,,,Normal Skin,0,0,0,0,0,0,0,Apply gently to the under-eye area (or face) morning and evening.,"For external use only. Avoid contact with eyes. If irritation occurs, discontinue use.",0,false,false,2025-05-01T19:47:51.335351,2025-05-01T21:30:05.156Z,Dark Circles,1,,
6813d8fe1b7e1b71a1378285,Tatcha The Brightening Eye Cream,"Tatcha The Brightening Eye Cream is a targeted eye treatment designed to visibly reduce dark circles, puffiness, and signs of fatigue while hydrating the delicate under-eye area.",Cream,Tatcha,60,0,60,142,true,30ml,15ml,,60,60,,92,50,,https://res.cloudinary.com/dkimm1q5r/image/upload/v1746135058/myShop/products/56b9d294-9676-4df2-b1a7-2bdb393f9f9a.avif,https://res.cloudinary.com/dkimm1q5r/image/upload/v1746135058/myShop/products/47c97c99-b67d-4734-9048-ca9cd87f49c3.avif,https://res.cloudinary.com/dkimm1q5r/image/upload/v1746135058/myShop/products/a163755b-7c29-48ce-9590-f2ff7cde6d98.avif,https://res.cloudinary.com/dkimm1q5r/image/upload/v1746135058/myShop/products/bd261b85-5892-487e-ae4e-da3702ae9959.avif,,,,,Niacinamide,Japanese Botanicals,,,,,,,,,,,Normal Skin,0,0,0,0,0,0,0,Apply gently to the under-eye area (or face) morning and evening.,"For external use only. Avoid contact with eyes. If irritation occurs, discontinue use.",0,false,false,2025-05-01T19:47:51.335351,2025-05-01T21:31:06.930Z,Dark Circles,2,,
6813d8fe1b7e1b71a1378286,Beauty of Joseon Revive Eye Serum,"Beauty of Joseon Revive Eye Serum is a targeted eye treatment designed to visibly reduce dark circles, puffiness, and signs of fatigue while hydrating the delicate under-eye area.",Serum,Beauty of Joseon,17.5,0,17.5,153,true,50ml,15ml,,17.5,17.5,,64,89,,https://res.cloudinary.com/dkimm1q5r/image/upload/v1746135301/myShop/products/b370523e-7182-4dce-8d72-3e98d8f8f82b.jpg,https://res.cloudinary.com/dkimm1q5r/image/upload/v1746135301/myShop/products/e3f4b80c-f298-4d57-952d-93913757eac3.jpg,https://res.cloudinary.com/dkimm1q5r/image/upload/v1746135301/myShop/products/7ce1f4fa-106c-4fe0-bc72-fe7c1f8fc2c1.jpg,https://res.cloudinary.com/dkimm1q5r/image/upload/v1746135302/myShop/products/ced15eb3-9970-4e48-9c94-40470742a7aa.jpg,https://res.cloudinary.com/dkimm1q5r/image/upload/v1746135301/myShop/products/c9fdebca-06b1-4fc9-ad80-14cf828b2f56.jpg,,,,Ginseng,Retinal,,,,,,,,,,,Normal Skin,0,0,0,0,0,0,0,"After cleansing, apply 2–3 drops to face (or targeted area) morning and night before moisturizer.","Patch test before first use. Avoid contact with eyes. If irritation occurs, discontinue use.",0,false,false,2025-05-01T19:47:51.335351,2025-05-01T21:35:03.049Z,Dark Circles,1,,
6813d8fe1b7e1b71a1378287,CeraVe Foaming Facial Cleanser,CeraVe Foaming Facial Cleanser is a dermatologist-developed cleanser designed to remove excess oil and impurities while treating active acne without stripping the skin.,Cleanser,CeraVe,14.99,0,14.99,105,true,100ml,200ml,,14.99,14.99,,28,77,,https://res.cloudinary.com/dkimm1q5r/image/upload/v1746133937/myShop/products/75ae806c-482c-437e-9fe2-89f052190585.webp,https://res.cloudinary.com/dkimm1q5r/image/upload/v1746133937/myShop/products/4f707e4c-c146-4931-8adb-a8d21428bca9.jpg,https://res.cloudinary.com/dkimm1q5r/image/upload/v1746133937/myShop/products/1604770f-ac7d-43c8-87b6-3171e8eb3a28.webp,https://res.cloudinary.com/dkimm1q5r/image/upload/v1746133937/myShop/products/753628be-91c0-42d5-a6f9-5d966c2fa239.jpg,https://res.cloudinary.com/dkimm1q5r/image/upload/v1746133937/myShop/products/ceb12428-a497-4286-b03c-9576a4faf092.webp,https://res.cloudinary.com/dkimm1q5r/image/upload/v1746133937/myShop/products/3bf24dcd-64d9-4434-a8fd-be5eb56c7a37.webp,,,Ceramides,Niacinamide,Hyaluronic Acid,,,,,,,,,,Oily Skin,0,0,0,0,0,0,0,Use twice daily. Massage onto wet skin for 60–60 seconds and rinse thoroughly.,"Avoid direct contact with eyes. If irritation occurs, discontinue use.",0,false,false,2025-05-01T19:51:58.385025,2025-05-01T21:12:34.674Z,Acne,3,,
6813d8fe1b7e1b71a1378288,La Roche-Posay Effaclar Medicated Gel Cleanser,La Roche-Posay Effaclar Medicated Gel Cleanser is a dermatologist-developed cleanser designed to remove excess oil and impurities while treating active acne without stripping the skin.,Cleanser,La Roche-Posay,17.99,0,17.99,237,true,150ml,200ml,,17.99,17.99,,134,103,,https://res.cloudinary.com/dkimm1q5r/image/upload/v1746133891/myShop/products/72b677b1-aab2-4bce-8b8e-1c04e1b642e2.webp,https://res.cloudinary.com/dkimm1q5r/image/upload/v1746133891/myShop/products/6eb252e6-6cea-45fc-b49a-8b6ea8a383f9.webp,https://res.cloudinary.com/dkimm1q5r/image/upload/v1746133891/myShop/products/9f0a332f-4fc8-4fed-99c7-82051448e913.webp,https://res.cloudinary.com/dkimm1q5r/image/upload/v1746133891/myShop/products/0aba0575-c0b0-4273-a17d-f732dd35328e.webp,https://res.cloudinary.com/dkimm1q5r/image/upload/v1746133891/myShop/products/e9dcef14-c84b-4816-a109-41b1fc2bb8f9.webp,https://res.cloudinary.com/dkimm1q5r/image/upload/v1746133891/myShop/products/8a23f7c2-1061-43b9-b55b-cd7e6c45c7dc.webp,https://res.cloudinary.com/dkimm1q5r/image/upload/v1746133891/myShop/products/fa40e88e-c4ce-43d9-b50d-5de8a11a8b51.jpg,,2% Salicylic Acid,Lipo-Hydroxy Acid,,,,,,,,,,,Oily Skin,0,0,0,0,0,0,0,Use twice daily. Massage onto wet skin for 60–60 seconds and rinse thoroughly.,"Avoid direct contact with eyes. If irritation occurs, discontinue use.",0,false,false,2025-05-01T19:51:58.385025,2025-05-01T21:11:33.055Z,Acne,1,,
6813d8fe1b7e1b71a1378289,CeraVe Acne Control Cleanser,CeraVe Acne Control Cleanser is a dermatologist-developed cleanser designed to remove excess oil and impurities while treating active acne without stripping the skin.,Cleanser,CeraVe,14.99,0,14.99,67,true,200ml,,,14.99,,,67,,,https://res.cloudinary.com/dkimm1q5r/image/upload/v1746133862/myShop/products/0ccd686a-f0f9-439e-82bc-57c4560019e7.webp,https://res.cloudinary.com/dkimm1q5r/image/upload/v1746133863/myShop/products/3d0f93e4-d4d6-45f9-b61b-78bcd5e02717.webp,https://res.cloudinary.com/dkimm1q5r/image/upload/v1746133863/myShop/products/775857c1-e307-4d30-898d-dcbe438047aa.webp,https://res.cloudinary.com/dkimm1q5r/image/upload/v1746133863/myShop/products/910fec5a-431a-4f8c-b9e7-85e01de748dc.jpg,https://res.cloudinary.com/dkimm1q5r/image/upload/v1746133863/myShop/products/c16218a7-8d73-4db5-ad2b-e9733af11095.webp,,,,2% Salicylic Acid,Niacinamide,Ceramides,Hectorite Clay,,,,,,,,,Oily Skin,0,0,0,0,0,0,0,Use twice daily. Massage onto wet skin for 60–60 seconds and rinse thoroughly.,"Avoid direct contact with eyes. If irritation occurs, discontinue use.",0,true,false,2025-05-01T19:51:58.385025,2025-05-01T21:42:30.128Z,Acne,2,6813eac6fa64980c17b1cff0,
6813d8fe1b7e1b71a137828a,Neutrogena Oil-Free Acne Wash Pink Grapefruit Facial Cleanser,Neutrogena Oil-Free Acne Wash Pink Grapefruit Facial Cleanser is a dermatologist-developed cleanser designed to remove excess oil and impurities while treating active acne without stripping the skin.,Cleanser,Neutrogena,8.99,0,8.99,85,true,100ml,,,8.99,,,85,,,https://res.cloudinary.com/dkimm1q5r/image/upload/v1746133842/myShop/products/148f4515-2adf-4186-b4b7-995f2f674897.jpg,https://res.cloudinary.com/dkimm1q5r/image/upload/v1746133842/myShop/products/5a51b798-28be-44cf-9192-476dcf987f2f.jpg,https://res.cloudinary.com/dkimm1q5r/image/upload/v1746133842/myShop/products/beb04183-accd-4bd8-b6db-66bcfdba9170.jpg,https://res.cloudinary.com/dkimm1q5r/image/upload/v1746133842/myShop/products/98936de3-6841-49bb-94f5-b94cdb11e785.jpg,,,,,2% Salicylic Acid,Grapefruit Extract,Vitamin C,,,,,,,,,,Oily Skin,0,0,0,0,0,0,0,Use twice daily. Massage onto wet skin for 60–60 seconds and rinse thoroughly.,"Avoid direct contact with eyes. If irritation occurs, discontinue use.",0,true,false,2025-05-01T19:51:58.385025,2025-05-01T21:41:03.928Z,Acne,2,6813ea6ffa64980c17b1cf57,
6813d8fe1b7e1b71a137828b,Peace Out Acne Gel Cleanser,Peace Out Acne Gel Cleanser is a dermatologist-developed cleanser designed to remove excess oil and impurities while treating active acne without stripping the skin.,Cleanser,Peace Out,24,0,24,217,true,150ml,200ml,,24,24,,72,145,,https://res.cloudinary.com/dkimm1q5r/image/upload/v1746134091/myShop/products/1919e82f-cc8d-4250-8df6-fb6141c9f32f.webp,https://res.cloudinary.com/dkimm1q5r/image/upload/v1746134092/myShop/products/2ce369bb-5ce4-479f-9056-7e6dae9723ec.webp,https://res.cloudinary.com/dkimm1q5r/image/upload/v1746134092/myShop/products/623a1507-ac5f-4290-b426-1421595cebe8.webp,,,,,,2% Salicylic Acid,Maltobionic Acid,Ceramide Complex,,,,,,,,,,Oily Skin,0,0,0,0,0,0,0,Use twice daily. Massage onto wet skin for 60–60 seconds and rinse thoroughly.,"Avoid direct contact with eyes. If irritation occurs, discontinue use.",0,false,false,2025-05-01T19:51:58.385025,2025-05-01T21:14:53.284Z,Acne,1,,
6813d8fe1b7e1b71a137828c,CeraVe Hydrating Facial Cleanser,CeraVe Hydrating Facial Cleanser is a dermatologist-developed cleanser designed to remove excess oil and impurities while treating active acne without stripping the skin.,Cleanser,CeraVe,14.99,0,14.99,103,true,100ml,,,14.99,,,103,,,https://res.cloudinary.com/dkimm1q5r/image/upload/v1746134070/myShop/products/fa49f88c-5c96-4db8-92e9-f2ff62dea859.webp,https://res.cloudinary.com/dkimm1q5r/image/upload/v1746134070/myShop/products/f32c75d8-9888-439b-8f56-3e8666dee33a.webp,https://res.cloudinary.com/dkimm1q5r/image/upload/v1746134070/myShop/products/81149bf1-205f-49a4-845b-29dc2e61ec02.webp,https://res.cloudinary.com/dkimm1q5r/image/upload/v1746134070/myShop/products/31959fb0-9159-432a-8133-03b3c72e4f71.webp,https://res.cloudinary.com/dkimm1q5r/image/upload/v1746134070/myShop/products/ff520130-31fa-4646-8578-d38389cef983.webp,,,,Ceramides,Hyaluronic Acid,Glycerin,,,,,,,,,,Dry Skin,0,0,0,0,0,0,0,Use twice daily. Massage onto wet skin for 60–60 seconds and rinse thoroughly.,"Avoid direct contact with eyes. If irritation occurs, discontinue use.",0,false,false,2025-05-01T19:51:58.385025,2025-05-01T21:14:31.793Z,Acne,1,,
6813d8fe1b7e1b71a137828d,La Roche-Posay Toleriane Hydrating Gentle Cleanser,La Roche-Posay Toleriane Hydrating Gentle Cleanser is a dermatologist-developed cleanser designed to remove excess oil and impurities while treating active acne without stripping the skin.,Cleanser,La Roche-Posay,15.99,0,15.99,140,true,150ml,100ml,,15.99,15.99,,116,24,,https://res.cloudinary.com/dkimm1q5r/image/upload/v1746134161/myShop/products/f7374a40-fb8a-4a98-ba64-16a71acb1e30.webp,https://res.cloudinary.com/dkimm1q5r/image/upload/v1746134161/myShop/products/cde8fd7f-cad3-4ab0-b91b-5da78c1937de.webp,https://res.cloudinary.com/dkimm1q5r/image/upload/v1746134161/myShop/products/4a0143af-58d0-4615-9f11-f75fbdc48c2a.webp,https://res.cloudinary.com/dkimm1q5r/image/upload/v1746134161/myShop/products/25401fb1-552b-4e89-a0f1-c2fb888c283c.webp,https://res.cloudinary.com/dkimm1q5r/image/upload/v1746134161/myShop/products/69084ae5-b562-4338-9109-91ebd97b4ef5.webp,https://res.cloudinary.com/dkimm1q5r/image/upload/v1746134161/myShop/products/300dc60f-7dc2-455f-b27b-baf377bf1286.webp,https://res.cloudinary.com/dkimm1q5r/image/upload/v1746134161/myShop/products/ed312ba2-254e-4c94-850b-0a08b950f26d.jpg,,Ceramides,Niacinamide,Glycerin,,,,,,,,,,Dry Skin,0,0,0,0,0,0,0,Use twice daily. Massage onto wet skin for 60–60 seconds and rinse thoroughly.,"Avoid direct contact with eyes. If irritation occurs, discontinue use.",0,false,false,2025-05-01T19:51:58.385025,2025-05-01T21:16:03.019Z,Acne,1,,
6813d8fe1b7e1b71a137828e,Cetaphil Gentle Skin Cleanser,Cetaphil Gentle Skin Cleanser is a dermatologist-developed cleanser designed to remove excess oil and impurities while treating active acne without stripping the skin.,Cleanser,Cetaphil,10.49,0,10.49,37,true,200ml,,,10.49,,,37,,,https://res.cloudinary.com/dkimm1q5r/image/upload/v1746134134/myShop/products/2ebe6701-b343-49cc-b4be-1bf395a16d43.webp,https://res.cloudinary.com/dkimm1q5r/image/upload/v1746134135/myShop/products/4fe86117-0786-48c9-83a1-0e4efdd48a8c.jpg,https://res.cloudinary.com/dkimm1q5r/image/upload/v1746134134/myShop/products/a642ed6b-eeca-427a-b008-95f40b96b4f1.jpg,https://res.cloudinary.com/dkimm1q5r/image/upload/v1746134134/myShop/products/f99eb3dc-1b3d-4444-858e-9d5826207e19.jpg,https://res.cloudinary.com/dkimm1q5r/image/upload/v1746134135/myShop/products/3cbbdf5b-39ec-41dd-a2de-902b0d251504.jpg,https://res.cloudinary.com/dkimm1q5r/image/upload/v1746134135/myShop/products/62462a7f-4b39-4552-83af-93db127c6f03.jpg,https://res.cloudinary.com/dkimm1q5r/image/upload/v1746134134/myShop/products/689b9d79-8e22-4139-93bb-97420d79a4c0.webp,,Glycerin,Panthenol,Niacinamide,,,,,,,,,,Dry Skin,0,0,0,0,0,0,0,Use twice daily. Massage onto wet skin for 60–60 seconds and rinse thoroughly.,"Avoid direct contact with eyes. If irritation occurs, discontinue use.",0,false,false,2025-05-01T19:51:58.385025,2025-05-01T21:15:36.193Z,Acne,1,,
6813d8fe1b7e1b71a137828f,First Aid Beauty Pure Skin Face Cleanser,First Aid Beauty Pure Skin Face Cleanser is a dermatologist-developed cleanser designed to remove excess oil and impurities while treating active acne without stripping the skin.,Cleanser,First Aid Beauty,24,0,24,120,true,150ml,,,24,,,120,,,https://res.cloudinary.com/dkimm1q5r/image/upload/v1746134113/myShop/products/2ae63a99-c9d8-4d6e-a4d5-6d5b6c004412.avif,https://res.cloudinary.com/dkimm1q5r/image/upload/v1746134113/myShop/products/bca89454-207e-4855-9505-c4082ec7c831.avif,https://res.cloudinary.com/dkimm1q5r/image/upload/v1746134113/myShop/products/ca687627-23b8-4162-b65a-dbf252af9ef5.avif,https://res.cloudinary.com/dkimm1q5r/image/upload/v1746134113/myShop/products/be2b1bd5-cb29-478e-8fdf-f56ad618a406.avif,https://res.cloudinary.com/dkimm1q5r/image/upload/v1746134112/myShop/products/30c69734-e629-4e01-be15-69d64f546d39.avif,https://res.cloudinary.com/dkimm1q5r/image/upload/v1746134113/myShop/products/4105e69a-64aa-4352-bce1-65b370f68157.avif,,,Glycerin,Aloe Vera,,,,,,,,,,,Dry Skin,0,0,0,0,0,0,0,Use twice daily. Massage onto wet skin for 60–60 seconds and rinse thoroughly.,"Avoid direct contact with eyes. If irritation occurs, discontinue use.",0,false,false,2025-05-01T19:51:58.385025,2025-05-01T21:15:14.328Z,Acne,1,,
6813d8fe1b7e1b71a1378290,CeraVe Renewing SA Cleanser,CeraVe Renewing SA Cleanser is a dermatologist-developed cleanser designed to remove excess oil and impurities while treating active acne without stripping the skin.,Cleanser,CeraVe,13.99,0,13.99,119,true,100ml,150ml,,13.99,13.99,,93,26,,https://res.cloudinary.com/dkimm1q5r/image/upload/v1746134048/myShop/products/dbe04dda-e5d7-44cc-9f6a-7f988725e593.webp,https://res.cloudinary.com/dkimm1q5r/image/upload/v1746134049/myShop/products/e8454c58-82ff-4ccf-a023-df032b090abb.webp,https://res.cloudinary.com/dkimm1q5r/image/upload/v1746134049/myShop/products/ae66ff56-330f-44dc-aae7-378144ad1cb3.webp,https://res.cloudinary.com/dkimm1q5r/image/upload/v1746134048/myShop/products/ab368d57-0ea8-460a-b42c-5e7d4cdbda11.webp,https://res.cloudinary.com/dkimm1q5r/image/upload/v1746134048/myShop/products/599a0fe6-d3d3-402a-81fa-df9d072d914f.webp,,,,Salicylic Acid,Ceramides,Hyaluronic Acid,Niacinamide,,,,,,,,,Dry Skin,0,0,0,0,0,0,0,Use twice daily. Massage onto wet skin for 60–60 seconds and rinse thoroughly.,"Avoid direct contact with eyes. If irritation occurs, discontinue use.",0,false,false,2025-05-01T19:51:58.385025,2025-05-01T21:14:10.513Z,Acne,1,,
6813d8fe1b7e1b71a1378291,Vanicream Gentle Facial Cleanser,Vanicream Gentle Facial Cleanser is a dermatologist-developed cleanser designed to remove excess oil and impurities while treating active acne without stripping the skin.,Cleanser,Vanicream,9.99,0,9.99,55,true,200ml,100ml,,9.99,9.99,,28,27,,https://res.cloudinary.com/dkimm1q5r/image/upload/v1746134029/myShop/products/51ea701e-d6c2-41a5-8d34-5949316c52a6.jpg,https://res.cloudinary.com/dkimm1q5r/image/upload/v1746134029/myShop/products/ea9bac2b-2e56-4ae9-a69f-3ef561558b48.jpg,https://res.cloudinary.com/dkimm1q5r/image/upload/v1746134029/myShop/products/5440c33a-5c2f-473b-971b-628d44884a89.jpg,https://res.cloudinary.com/dkimm1q5r/image/upload/v1746134030/myShop/products/69b9c2f5-3381-4294-b4c7-5d3b9ba24e9c.jpg,https://res.cloudinary.com/dkimm1q5r/image/upload/v1746134030/myShop/products/6c8dd873-fb6d-43aa-9498-981bc07f6f04.jpg,https://res.cloudinary.com/dkimm1q5r/image/upload/v1746134030/myShop/products/0d1ed615-3355-4414-8161-1c3b0f4e99de.jpg,,,Glycerin,coco-glucoside,sodium cocoyl glycinate,acrylates copolymer,caprylyl glycol,mica,sodium chloride,1,2-hexanediol,titanium dioxide,sodium hydroxide,disodium EDTA,Dry Skin,0,0,0,0,0,0,0,Use twice daily. Massage onto wet skin for 60–60 seconds and rinse thoroughly.,"Avoid direct contact with eyes. If irritation occurs, discontinue use.",0,false,false,2025-05-01T19:51:58.385025,2025-05-01T21:13:51.383Z,Acne,1,,
6813d8fe1b7e1b71a1378292,Youth to the People Superfood Cleanser,Youth to the People Superfood Cleanser is a dermatologist-developed cleanser designed to remove excess oil and impurities while treating active acne without stripping the skin.,Cleanser,Youth to the People,36,0,36,73,true,200ml,,,36,,,73,,,https://res.cloudinary.com/dkimm1q5r/image/upload/v1746134004/myShop/products/fb23ae6b-df06-4f81-9632-7c87fb54c8e8.webp,https://res.cloudinary.com/dkimm1q5r/image/upload/v1746134005/myShop/products/0e60b5cb-be46-4d02-97a5-a84a3a63701d.jpg,https://res.cloudinary.com/dkimm1q5r/image/upload/v1746134005/myShop/products/a846c297-2d00-4871-a330-f19eb96fe2ab.jpg,https://res.cloudinary.com/dkimm1q5r/image/upload/v1746134005/myShop/products/978a1c74-a4e1-42ca-baab-5ca7b9f45369.webp,https://res.cloudinary.com/dkimm1q5r/image/upload/v1746134005/myShop/products/adb5b303-75b8-4d73-8398-49c313225f54.jpg,https://res.cloudinary.com/dkimm1q5r/image/upload/v1746134005/myShop/products/de496cc4-6fe1-4610-8428-59eba9d30e8f.jpg,,,Kale,Spinach,Green Tea,Alfalfa,Vitamin C,Vitamin E,,,,,,,Normal Skin,0,0,0,0,0,0,0,Use twice daily. Massage onto wet skin for 60–60 seconds and rinse thoroughly.,"Avoid direct contact with eyes. If irritation occurs, discontinue use.",0,false,false,2025-05-01T19:51:58.385025,2025-05-02T15:40:39.149Z,Acne,3,6814e77759c0bf115153fefe,
6813d8fe1b7e1b71a1378293,Glossier Milky Jelly Cleanser,Glossier Milky Jelly Cleanser is a dermatologist-developed cleanser designed to remove excess oil and impurities while treating active acne without stripping the skin.,Cleanser,Glossier,18,0,18,69,true,150ml,100ml,,18,18,,21,48,,https://res.cloudinary.com/dkimm1q5r/image/upload/v1746134862/myShop/products/eea82d15-1ddd-4dd5-877a-2608b5e2a262.avif,https://res.cloudinary.com/dkimm1q5r/image/upload/v1746134864/myShop/products/d834f6a7-abb5-481a-bff5-0fc808e2ea0e.png,https://res.cloudinary.com/dkimm1q5r/image/upload/v1746134864/myShop/products/fa28adb1-dc60-47ac-a66d-8fc0cddc8ed4.avif,https://res.cloudinary.com/dkimm1q5r/image/upload/v1746134864/myShop/products/70dbf659-a35e-48db-8295-fa4d3928c8a1.png,,,,,Poloxamer,Rose Water,Pro-Vitamin B5,,,,,,,,,,Normal Skin,0,0,0,0,0,0,0,Use twice daily. Massage onto wet skin for 60–60 seconds and rinse thoroughly.,"Avoid direct contact with eyes. If irritation occurs, discontinue use.",0,false,false,2025-05-01T19:51:58.385025,2025-05-01T21:27:45.743Z,Acne,1,,
6813d8fe1b7e1b71a1378294,Tatcha The Rice Wash,Tatcha The Rice Wash is a dermatologist-developed cleanser designed to remove excess oil and impurities while treating active acne without stripping the skin.,Cleanser,Tatcha,36,0,36,180,true,100ml,150ml,,36,36,,146,34,,https://res.cloudinary.com/dkimm1q5r/image/upload/v1746135230/myShop/products/1776fd14-2810-4dc4-89c0-fb1239a1af83.avif,https://res.cloudinary.com/dkimm1q5r/image/upload/v1746135230/myShop/products/668eb7d2-a9c4-4092-bfc7-1e01c3c3853e.avif,https://res.cloudinary.com/dkimm1q5r/image/upload/v1746135230/myShop/products/0adadae0-e9f2-4273-9a04-e18f4a58baea.avif,https://res.cloudinary.com/dkimm1q5r/image/upload/v1746135230/myShop/products/4ee0fd57-f6fd-4d83-9edb-44429164c634.avif,https://res.cloudinary.com/dkimm1q5r/image/upload/v1746135230/myShop/products/585909dd-351c-474f-9a68-ca70c31bc7af.avif,,,,Japanese Rice Powder,Hyaluronic Acid,,,,,,,,,,,Normal Skin,0,0,0,0,0,0,0,Use twice daily. Massage onto wet skin for 60–60 seconds and rinse thoroughly.,"Avoid direct contact with eyes. If irritation occurs, discontinue use.",0,false,false,2025-05-01T19:51:58.385025,2025-05-01T21:34:13.156Z,Acne,2,,
6813d8fe1b7e1b71a1378295,Fresh Soy Face Cleanser,Fresh Soy Face Cleanser is a dermatologist-developed cleanser designed to remove excess oil and impurities while treating active acne without stripping the skin.,Cleanser,Fresh,38,0,38,187,true,150ml,200ml,,38,38,,57,130,,https://res.cloudinary.com/dkimm1q5r/image/upload/v1746134937/myShop/products/ca9a2bae-8634-4c97-b76b-fed10502e79b.webp,https://res.cloudinary.com/dkimm1q5r/image/upload/v1746134937/myShop/products/433280ef-0b37-40bd-9a09-9e85351e8262.webp,https://res.cloudinary.com/dkimm1q5r/image/upload/v1746134937/myShop/products/65963ea7-d3d2-4410-bf3f-3a674439c1e9.jpg,https://res.cloudinary.com/dkimm1q5r/image/upload/v1746134938/myShop/products/b809c297-7936-4ad1-91f7-05123b7050ab.webp,https://res.cloudinary.com/dkimm1q5r/image/upload/v1746134938/myShop/products/4859ae45-7410-4277-ab2a-132e0a4b26de.jpg,,,,Soy Proteins,Cucumber Extract,Rosewater,,,,,,,,,,Normal Skin,0,0,0,0,0,0,0,Use twice daily. Massage onto wet skin for 60–60 seconds and rinse thoroughly.,"Avoid direct contact with eyes. If irritation occurs, discontinue use.",0,false,false,2025-05-01T19:51:58.385025,2025-05-01T21:28:59.227Z,Acne,1,,
6813d8fe1b7e1b71a1378296,EltaMD Foaming Facial Cleanser,EltaMD Foaming Facial Cleanser is a dermatologist-developed cleanser designed to remove excess oil and impurities while treating active acne without stripping the skin.,Cleanser,EltaMD,32,0,32,216,true,150ml,100ml,,32,32,,74,142,,https://res.cloudinary.com/dkimm1q5r/image/upload/v1746146522/myShop/products/d7962a6f-739d-426e-840f-f4de6ff8ff3d.webp,https://res.cloudinary.com/dkimm1q5r/image/upload/v1746146522/myShop/products/6438734b-6ca0-4da0-be80-bdca31529a4a.webp,https://res.cloudinary.com/dkimm1q5r/image/upload/v1746146523/myShop/products/63ad796c-03ca-430e-9823-e58244fe85a5.webp,https://res.cloudinary.com/dkimm1q5r/image/upload/v1746146523/myShop/products/8e93a683-a92e-467e-9372-cfc98753f035.webp,https://res.cloudinary.com/dkimm1q5r/image/upload/v1746146523/myShop/products/43496b10-4cce-4c83-a3cf-71003de91645.webp,,,,Bromelain,Apple Amino Acids,,,,,,,,,,,Normal Skin,0,0,0,0,0,0,0,Use twice daily. Massage onto wet skin for 60–60 seconds and rinse thoroughly.,"Avoid direct contact with eyes. If irritation occurs, discontinue use.",0,false,false,2025-05-01T19:51:58.385025,2025-05-02T00:42:05.024Z,Acne,1,681414dae4bb796a00d9ee9e,681414dae4bb796a00d9ee9f
