name,description,category,brand,price,discount,stock,isAvailable,variants,images,ingredients,aiSkinSuitability,averageRating,reviewCount,ratingBuckets,usageInstructions,precautions,soldCount,isFeatured,isDeleted,createdAt,updatedAt,skinProblem
Cetaphil Gentle Clear Triple-Action Acne Serum,"A gentle yet powerful triple-action serum that exfoliates, clears, and prevents acne while soothing sensitive skin.",Serum,Cetaphil,19.99,"{""percentage"": 0, ""discountedPrice"": 19.99}",36,True,"[{""size"": ""75ml"", ""price"": 19.99, ""stock"": 10}, {""size"": ""15ml"", ""price"": 19.99, ""stock"": 26}]",[],"[""0.5% Salicylic Acid"", ""Succinic Acid""]","[""Dry""]",0,0,"{""1"": 0, ""2"": 0, ""3"": 0, ""4"": 0, ""5"": 0}","After cleansing, apply 2–3 drops to face (or targeted area) morning and night before moisturizer.","Patch test before first use. Avoid contact with eyes. If irritation occurs, discontinue use.",0,False,False,2025-05-01T00:00:00.000Z,2025-05-01T00:00:00.000Z,Acne
SheaMoisture Nourished & Radiant Acne Treatment Serum,"A nourishing and radiant treatment serum that reduces blemishes, calms inflammation, and boosts skin clarity.",Serum,SheaMoisture,11.99,"{""percentage"": 0, ""discountedPrice"": 11.99}",122,True,"[{""size"": ""100ml"", ""price"": 11.99, ""stock"": 122}]",[],"[""2% Salicylic Acid"", ""Niacinamide"", ""Elderberry Complex""]","[""Dry""]",0,0,"{""1"": 0, ""2"": 0, ""3"": 0, ""4"": 0, ""5"": 0}","After cleansing, apply 2–3 drops to face (or targeted area) morning and night before moisturizer.","Patch test before first use. Avoid contact with eyes. If irritation occurs, discontinue use.",0,False,False,2025-05-01T00:00:00.000Z,2025-05-01T00:00:00.000Z,Acne
La Roche-Posay Effaclar Ultra Concentrated Anti-Acne Serum,An ultra-concentrated anti-acne formula that deeply penetrates pores to eliminate breakouts and refine skin texture.,Serum,La Roche-Posay,39.99,"{""percentage"": 0, ""discountedPrice"": 39.99}",186,True,"[{""size"": ""30ml"", ""price"": 39.99, ""stock"": 54}, {""size"": ""15ml"", ""price"": 39.99, ""stock"": 132}]",[],"[""Salicylic Acid"", ""Niacinamide""]","[""Dry""]",0,0,"{""1"": 0, ""2"": 0, ""3"": 0, ""4"": 0, ""5"": 0}","After cleansing, apply 2–3 drops to face (or targeted area) morning and night before moisturizer.","Patch test before first use. Avoid contact with eyes. If irritation occurs, discontinue use.",0,False,False,2025-05-01T00:00:00.000Z,2025-05-01T00:00:00.000Z,Acne
Tea Tree Acne Treatment Serum,A natural tea tree oil-based serum that targets acne-causing bacteria and reduces redness for clearer skin.,Serum,BREYLEE,9.99,"{""percentage"": 0, ""discountedPrice"": 9.99}",284,True,"[{""size"": ""50ml"", ""price"": 9.99, ""stock"": 97}, {""size"": ""100ml"", ""price"": 9.99, ""stock"": 187}]",[],"[""Tea Tree Oil"", ""Camellia Sinensis Leaf Extract""]","[""Dry""]",0,0,"{""1"": 0, ""2"": 0, ""3"": 0, ""4"": 0, ""5"": 0}","After cleansing, apply 2–3 drops to face (or targeted area) morning and night before moisturizer.","Patch test before first use. Avoid contact with eyes. If irritation occurs, discontinue use.",0,False,False,2025-05-01T00:00:00.000Z,2025-05-01T00:00:00.000Z,Acne
Exposed Acne Treatment Serum,A robust acne treatment serum combining benzoyl peroxide and tea tree oil to combat stubborn breakouts.,Serum,Exposed Skin Care,22.95,"{""percentage"": 0, ""discountedPrice"": 22.95}",95,True,"[{""size"": ""100ml"", ""price"": 22.95, ""stock"": 95}]",[],"[""3.5% Benzoyl Peroxide"", ""Tea Tree Oil""]","[""Oily""]",0,0,"{""1"": 0, ""2"": 0, ""3"": 0, ""4"": 0, ""5"": 0}","After cleansing, apply 2–3 drops to face (or targeted area) morning and night before moisturizer.","Patch test before first use. Avoid contact with eyes. If irritation occurs, discontinue use.",0,False,False,2025-05-01T00:00:00.000Z,2025-05-01T00:00:00.000Z,Acne
LaHaye Face Forward Acne Treatment Serum,An advanced acne treatment serum with micronized benzoyl peroxide and glycolic acid to exfoliate and heal.,Serum,LaHaye,45.0,"{""percentage"": 0, ""discountedPrice"": 45.0}",28,True,"[{""size"": ""100ml"", ""price"": 45.0, ""stock"": 28}]",[],"[""Micronized Benzoyl Peroxide"", ""Glycolic Acid""]","[""Oily""]",0,0,"{""1"": 0, ""2"": 0, ""3"": 0, ""4"": 0, ""5"": 0}","After cleansing, apply 2–3 drops to face (or targeted area) morning and night before moisturizer.","Patch test before first use. Avoid contact with eyes. If irritation occurs, discontinue use.",0,False,False,2025-05-01T00:00:00.000Z,2025-05-01T00:00:00.000Z,Acne
Murad Deep Relief Acne Treatment,"A deep-relief formula that soothes active acne, reduces swelling, and promotes skin repair.",Serum,Murad,42.0,"{""percentage"": 0, ""discountedPrice"": 42.0}",151,True,"[{""size"": ""50ml"", ""price"": 42.0, ""stock"": 48}, {""size"": ""100ml"", ""price"": 42.0, ""stock"": 23}, {""size"": ""30ml"", ""price"": 42.0, ""stock"": 80}]",[],"[""2% Salicylic Acid"", ""Ground Cherry Extract""]","[""Oily""]",0,0,"{""1"": 0, ""2"": 0, ""3"": 0, ""4"": 0, ""5"": 0}","After cleansing, apply 2–3 drops to face (or targeted area) morning and night before moisturizer.","Patch test before first use. Avoid contact with eyes. If irritation occurs, discontinue use.",0,False,False,2025-05-01T00:00:00.000Z,2025-05-01T00:00:00.000Z,Acne
CeraVe Acne Control Gel,"A clear-control gel that combines salicylic acid, ceramides, and lactic-glycolic acid to treat and prevent acne.",Serum,CeraVe,19.99,"{""percentage"": 0, ""discountedPrice"": 19.99}",248,True,"[{""size"": ""75ml"", ""price"": 19.99, ""stock"": 178}, {""size"": ""15ml"", ""price"": 19.99, ""stock"": 19}, {""size"": ""50ml"", ""price"": 19.99, ""stock"": 51}]",[],"[""2% Salicylic Acid"", ""Ceramides"", ""Lactic-Glycolic Acid""]","[""Oily""]",0,0,"{""1"": 0, ""2"": 0, ""3"": 0, ""4"": 0, ""5"": 0}","After cleansing, apply 2–3 drops to face (or targeted area) morning and night before moisturizer.","Patch test before first use. Avoid contact with eyes. If irritation occurs, discontinue use.",0,False,False,2025-05-01T00:00:00.000Z,2025-05-01T00:00:00.000Z,Acne
Thayers Double Action Acne Serum,A dual-action serum that fights acne and replenishes moisture with salicylic acid and hyaluronic acid.,Serum,Thayers,15.0,"{""percentage"": 0, ""discountedPrice"": 15.0}",204,True,"[{""size"": ""75ml"", ""price"": 15.0, ""stock"": 166}, {""size"": ""30ml"", ""price"": 15.0, ""stock"": 38}]",[],"[""Salicylic Acid"", ""Hyaluronic Acid"", ""Ceramides""]","[""Normal""]",0,0,"{""1"": 0, ""2"": 0, ""3"": 0, ""4"": 0, ""5"": 0}","After cleansing, apply 2–3 drops to face (or targeted area) morning and night before moisturizer.","Patch test before first use. Avoid contact with eyes. If irritation occurs, discontinue use.",0,False,False,2025-05-01T00:00:00.000Z,2025-05-01T00:00:00.000Z,Acne
Anti Acne Serum,A lightweight acne-fighting serum enriched with oleanolic acid and NDGA to balance and clarify skin.,Serum,Vince,7.0,"{""percentage"": 0, ""discountedPrice"": 7.0}",298,True,"[{""size"": ""30ml"", ""price"": 7.0, ""stock"": 164}, {""size"": ""100ml"", ""price"": 7.0, ""stock"": 134}]",[],"[""Oleanolic acid"", ""Capryly Glycol"", ""NDGA""]","[""Normal""]",0,0,"{""1"": 0, ""2"": 0, ""3"": 0, ""4"": 0, ""5"": 0}","After cleansing, apply 2–3 drops to face (or targeted area) morning and night before moisturizer.","Patch test before first use. Avoid contact with eyes. If irritation occurs, discontinue use.",0,False,False,2025-05-01T00:00:00.000Z,2025-05-01T00:00:00.000Z,Acne
Anti Acne Clarifying,A clarifying serum with multi-weight hyaluronic acids and exfoliating acids to deeply hydrate and clear pores.,Serum,Olim Naturals,5.0,"{""percentage"": 0, ""discountedPrice"": 5.0}",36,True,"[{""size"": ""15ml"", ""price"": 5.0, ""stock"": 36}]",[],"[""NMW & LMW Hyaluronic Acid"", ""Salicylic Acid"", ""Glycolic Acid"", ""Lactic Acid""]","[""Normal""]",0,0,"{""1"": 0, ""2"": 0, ""3"": 0, ""4"": 0, ""5"": 0}","After cleansing, apply 2–3 drops to face (or targeted area) morning and night before moisturizer.","Patch test before first use. Avoid contact with eyes. If irritation occurs, discontinue use.",0,False,False,2025-05-01T00:00:00.000Z,2025-05-01T00:00:00.000Z,Acne
Medicube Deep Reviving Peptide Eye Cream,"Medicube Deep Reviving Peptide Eye Cream is a targeted eye treatment designed to visibly reduce dark circles, puffiness, and signs of fatigue while hydrating the delicate under-eye area.",Cream,Medicube,38.0,"{""percentage"": 0, ""discountedPrice"": 38.0}",63,True,"[{""size"": ""50ml"", ""price"": 38.0, ""stock"": 63}]",[],"[""Peptides"", ""Hyaluronic Acid""]","[""Dry Skin""]",0,0,"{""1"": 0, ""2"": 0, ""3"": 0, ""4"": 0, ""5"": 0}",Apply gently to the under-eye area (or face) morning and evening.,"For external use only. Avoid contact with eyes. If irritation occurs, discontinue use.",0,False,False,2025-05-01T19:47:51.335351,2025-05-01T19:47:51.335351,Dark Circles
Cetaphil Healthy Renew Eye Gel Serum,"Cetaphil Healthy Renew Eye Gel Serum is a targeted eye treatment designed to visibly reduce dark circles, puffiness, and signs of fatigue while hydrating the delicate under-eye area.",Serum,Cetaphil,22.99,"{""percentage"": 0, ""discountedPrice"": 22.99}",167,True,"[{""size"": ""50ml"", ""price"": 22.99, ""stock"": 71}, {""size"": ""30ml"", ""price"": 22.99, ""stock"": 26}, {""size"": ""15ml"", ""price"": 22.99, ""stock"": 70}]",[],"[""Vitamin B3"", ""B5"", ""E"", ""Peptides""]","[""Dry Skin""]",0,0,"{""1"": 0, ""2"": 0, ""3"": 0, ""4"": 0, ""5"": 0}","After cleansing, apply 2–3 drops to face (or targeted area) morning and night before moisturizer.","Patch test before first use. Avoid contact with eyes. If irritation occurs, discontinue use.",0,False,False,2025-05-01T19:47:51.335351,2025-05-01T19:47:51.335351,Dark Circles
Biossance Squalane + Marine Algae Eye Cream,"Biossance Squalane + Marine Algae Eye Cream is a targeted eye treatment designed to visibly reduce dark circles, puffiness, and signs of fatigue while hydrating the delicate under-eye area.",Cream,Biossance,54.0,"{""percentage"": 0, ""discountedPrice"": 54.0}",175,True,"[{""size"": ""30ml"", ""price"": 54.0, ""stock"": 59}, {""size"": ""50ml"", ""price"": 54.0, ""stock"": 82}, {""size"": ""15ml"", ""price"": 54.0, ""stock"": 34}]",[],"[""Marine Algae"", ""Squalane""]","[""Dry Skin""]",0,0,"{""1"": 0, ""2"": 0, ""3"": 0, ""4"": 0, ""5"": 0}",Apply gently to the under-eye area (or face) morning and evening.,"For external use only. Avoid contact with eyes. If irritation occurs, discontinue use.",0,False,False,2025-05-01T19:47:51.335351,2025-05-01T19:47:51.335351,Dark Circles
The Ordinary Caffeine Solution 5% + EGCG,"The Ordinary Caffeine Solution 5% + EGCG is a targeted eye treatment designed to visibly reduce dark circles, puffiness, and signs of fatigue while hydrating the delicate under-eye area.",Serum,The Ordinary,8.9,"{""percentage"": 0, ""discountedPrice"": 8.9}",98,True,"[{""size"": ""15ml"", ""price"": 8.9, ""stock"": 31}, {""size"": ""50ml"", ""price"": 8.9, ""stock"": 10}, {""size"": ""30ml"", ""price"": 8.9, ""stock"": 57}]",[],"[""Caffeine"", ""EGCG""]","[""Oily Skin""]",0,0,"{""1"": 0, ""2"": 0, ""3"": 0, ""4"": 0, ""5"": 0}","After cleansing, apply 2–3 drops to face (or targeted area) morning and night before moisturizer.","Patch test before first use. Avoid contact with eyes. If irritation occurs, discontinue use.",0,False,False,2025-05-01T19:47:51.335351,2025-05-01T19:47:51.335351,Dark Circles
SkinCeuticals AOX+ Eye Gel,"SkinCeuticals AOX+ Eye Gel is a targeted eye treatment designed to visibly reduce dark circles, puffiness, and signs of fatigue while hydrating the delicate under-eye area.",Gel,SkinCeuticals,102.0,"{""percentage"": 0, ""discountedPrice"": 102.0}",37,True,"[{""size"": ""30ml"", ""price"": 102.0, ""stock"": 37}]",[],"[""Phloretin"", ""Vitamin C"", ""Ferulic Acid""]","[""Oily Skin""]",0,0,"{""1"": 0, ""2"": 0, ""3"": 0, ""4"": 0, ""5"": 0}",Apply gently to the under-eye area (or face) morning and evening.,"For external use only. Avoid contact with eyes. If irritation occurs, discontinue use.",0,False,False,2025-05-01T19:47:51.335351,2025-05-01T19:47:51.335351,Dark Circles
Perricone MD Vitamin C Ester Brightening Eye Serum,"Perricone MD Vitamin C Ester Brightening Eye Serum is a targeted eye treatment designed to visibly reduce dark circles, puffiness, and signs of fatigue while hydrating the delicate under-eye area.",Serum,Perricone MD,55.0,"{""percentage"": 0, ""discountedPrice"": 55.0}",15,True,"[{""size"": ""50ml"", ""price"": 55.0, ""stock"": 15}]",[],"[""Vitamin C Ester"", ""Tocotrienols""]","[""Oily Skin""]",0,0,"{""1"": 0, ""2"": 0, ""3"": 0, ""4"": 0, ""5"": 0}","After cleansing, apply 2–3 drops to face (or targeted area) morning and night before moisturizer.","Patch test before first use. Avoid contact with eyes. If irritation occurs, discontinue use.",0,False,False,2025-05-01T19:47:51.335351,2025-05-01T19:47:51.335351,Dark Circles
Tocobo Collagen Brightening Eye Gel Cream,"Tocobo Collagen Brightening Eye Gel Cream is a targeted eye treatment designed to visibly reduce dark circles, puffiness, and signs of fatigue while hydrating the delicate under-eye area.",Cream,Tocobo,15.99,"{""percentage"": 0, ""discountedPrice"": 15.99}",100,True,"[{""size"": ""30ml"", ""price"": 15.99, ""stock"": 100}]",[],"[""Hydrolyzed Collagen"", ""Niacinamide""]","[""Oily Skin""]",0,0,"{""1"": 0, ""2"": 0, ""3"": 0, ""4"": 0, ""5"": 0}",Apply gently to the under-eye area (or face) morning and evening.,"For external use only. Avoid contact with eyes. If irritation occurs, discontinue use.",0,False,False,2025-05-01T19:47:51.335351,2025-05-01T19:47:51.335351,Dark Circles
Estée Lauder Advanced Night Repair Eye Gel-Creme,"Estée Lauder Advanced Night Repair Eye Gel-Creme is a targeted eye treatment designed to visibly reduce dark circles, puffiness, and signs of fatigue while hydrating the delicate under-eye area.",Cream,Estée Lauder,72.0,"{""percentage"": 0, ""discountedPrice"": 72.0}",118,True,"[{""size"": ""30ml"", ""price"": 72.0, ""stock"": 37}, {""size"": ""50ml"", ""price"": 72.0, ""stock"": 81}]",[],"[""ChronoluxCB\u2122"", ""Hyaluronic Acid""]","[""Oily Skin""]",0,0,"{""1"": 0, ""2"": 0, ""3"": 0, ""4"": 0, ""5"": 0}",Apply gently to the under-eye area (or face) morning and evening.,"For external use only. Avoid contact with eyes. If irritation occurs, discontinue use.",0,False,False,2025-05-01T19:47:51.335351,2025-05-01T19:47:51.335351,Dark Circles
ISDIN K-Ox Eyes Cream,"ISDIN K-Ox Eyes Cream is a targeted eye treatment designed to visibly reduce dark circles, puffiness, and signs of fatigue while hydrating the delicate under-eye area.",Cream,ISDIN,92.0,"{""percentage"": 0, ""discountedPrice"": 92.0}",106,True,"[{""size"": ""50ml"", ""price"": 92.0, ""stock"": 44}, {""size"": ""15ml"", ""price"": 92.0, ""stock"": 62}]",[],"[""Vitamin K Oxide"", ""Haloxyl"", ""Hyaluronic Acid""]","[""Normal Skin""]",0,0,"{""1"": 0, ""2"": 0, ""3"": 0, ""4"": 0, ""5"": 0}",Apply gently to the under-eye area (or face) morning and evening.,"For external use only. Avoid contact with eyes. If irritation occurs, discontinue use.",0,False,False,2025-05-01T19:47:51.335351,2025-05-01T19:47:51.335351,Dark Circles
Ole Henriksen Banana Bright+ Eye Crème,"Ole Henriksen Banana Bright+ Eye Crème is a targeted eye treatment designed to visibly reduce dark circles, puffiness, and signs of fatigue while hydrating the delicate under-eye area.",Cream,Ole Henriksen,44.0,"{""percentage"": 0, ""discountedPrice"": 44.0}",42,True,"[{""size"": ""30ml"", ""price"": 44.0, ""stock"": 42}]",[],"[""Vitamin C"", ""Collagen""]","[""Normal Skin""]",0,0,"{""1"": 0, ""2"": 0, ""3"": 0, ""4"": 0, ""5"": 0}",Apply gently to the under-eye area (or face) morning and evening.,"For external use only. Avoid contact with eyes. If irritation occurs, discontinue use.",0,False,False,2025-05-01T19:47:51.335351,2025-05-01T19:47:51.335351,Dark Circles
Tatcha The Brightening Eye Cream,"Tatcha The Brightening Eye Cream is a targeted eye treatment designed to visibly reduce dark circles, puffiness, and signs of fatigue while hydrating the delicate under-eye area.",Cream,Tatcha,60.0,"{""percentage"": 0, ""discountedPrice"": 60.0}",142,True,"[{""size"": ""30ml"", ""price"": 60.0, ""stock"": 92}, {""size"": ""15ml"", ""price"": 60.0, ""stock"": 50}]",[],"[""Niacinamide"", ""Japanese Botanicals""]","[""Normal Skin""]",0,0,"{""1"": 0, ""2"": 0, ""3"": 0, ""4"": 0, ""5"": 0}",Apply gently to the under-eye area (or face) morning and evening.,"For external use only. Avoid contact with eyes. If irritation occurs, discontinue use.",0,False,False,2025-05-01T19:47:51.335351,2025-05-01T19:47:51.335351,Dark Circles
Beauty of Joseon Revive Eye Serum,"Beauty of Joseon Revive Eye Serum is a targeted eye treatment designed to visibly reduce dark circles, puffiness, and signs of fatigue while hydrating the delicate under-eye area.",Serum,Beauty of Joseon,17.5,"{""percentage"": 0, ""discountedPrice"": 17.5}",153,True,"[{""size"": ""50ml"", ""price"": 17.5, ""stock"": 64}, {""size"": ""15ml"", ""price"": 17.5, ""stock"": 89}]",[],"[""Ginseng"", ""Retinal""]","[""Normal Skin""]",0,0,"{""1"": 0, ""2"": 0, ""3"": 0, ""4"": 0, ""5"": 0}","After cleansing, apply 2–3 drops to face (or targeted area) morning and night before moisturizer.","Patch test before first use. Avoid contact with eyes. If irritation occurs, discontinue use.",0,False,False,2025-05-01T19:47:51.335351,2025-05-01T19:47:51.335351,Dark Circles
CeraVe Foaming Facial Cleanser,CeraVe Foaming Facial Cleanser is a dermatologist-developed cleanser designed to remove excess oil and impurities while treating active acne without stripping the skin.,Cleanser,CeraVe,14.99,"{""percentage"": 0, ""discountedPrice"": 14.99}",105,True,"[{""size"": ""100ml"", ""price"": 14.99, ""stock"": 28}, {""size"": ""200ml"", ""price"": 14.99, ""stock"": 77}]",[],"[""Ceramides"", ""Niacinamide"", ""Hyaluronic Acid""]","[""Oily Skin""]",0,0,"{""1"": 0, ""2"": 0, ""3"": 0, ""4"": 0, ""5"": 0}",Use twice daily. Massage onto wet skin for 60–60 seconds and rinse thoroughly.,"Avoid direct contact with eyes. If irritation occurs, discontinue use.",0,False,False,2025-05-01T19:51:58.385025,2025-05-01T19:51:58.385025,Acne
La Roche-Posay Effaclar Medicated Gel Cleanser,La Roche-Posay Effaclar Medicated Gel Cleanser is a dermatologist-developed cleanser designed to remove excess oil and impurities while treating active acne without stripping the skin.,Cleanser,La Roche-Posay,17.99,"{""percentage"": 0, ""discountedPrice"": 17.99}",237,True,"[{""size"": ""150ml"", ""price"": 17.99, ""stock"": 134}, {""size"": ""200ml"", ""price"": 17.99, ""stock"": 103}]",[],"[""2% Salicylic Acid"", ""Lipo-Hydroxy Acid""]","[""Oily Skin""]",0,0,"{""1"": 0, ""2"": 0, ""3"": 0, ""4"": 0, ""5"": 0}",Use twice daily. Massage onto wet skin for 60–60 seconds and rinse thoroughly.,"Avoid direct contact with eyes. If irritation occurs, discontinue use.",0,False,False,2025-05-01T19:51:58.385025,2025-05-01T19:51:58.385025,Acne
CeraVe Acne Control Cleanser,CeraVe Acne Control Cleanser is a dermatologist-developed cleanser designed to remove excess oil and impurities while treating active acne without stripping the skin.,Cleanser,CeraVe,14.99,"{""percentage"": 0, ""discountedPrice"": 14.99}",67,True,"[{""size"": ""200ml"", ""price"": 14.99, ""stock"": 67}]",[],"[""2% Salicylic Acid"", ""Niacinamide"", ""Ceramides"", ""Hectorite Clay""]","[""Oily Skin""]",0,0,"{""1"": 0, ""2"": 0, ""3"": 0, ""4"": 0, ""5"": 0}",Use twice daily. Massage onto wet skin for 60–60 seconds and rinse thoroughly.,"Avoid direct contact with eyes. If irritation occurs, discontinue use.",0,False,False,2025-05-01T19:51:58.385025,2025-05-01T19:51:58.385025,Acne
Neutrogena Oil-Free Acne Wash Pink Grapefruit Facial Cleanser,Neutrogena Oil-Free Acne Wash Pink Grapefruit Facial Cleanser is a dermatologist-developed cleanser designed to remove excess oil and impurities while treating active acne without stripping the skin.,Cleanser,Neutrogena,8.99,"{""percentage"": 0, ""discountedPrice"": 8.99}",85,True,"[{""size"": ""100ml"", ""price"": 8.99, ""stock"": 85}]",[],"[""2% Salicylic Acid"", ""Grapefruit Extract"", ""Vitamin C""]","[""Oily Skin""]",0,0,"{""1"": 0, ""2"": 0, ""3"": 0, ""4"": 0, ""5"": 0}",Use twice daily. Massage onto wet skin for 60–60 seconds and rinse thoroughly.,"Avoid direct contact with eyes. If irritation occurs, discontinue use.",0,False,False,2025-05-01T19:51:58.385025,2025-05-01T19:51:58.385025,Acne
Peace Out Acne Gel Cleanser,Peace Out Acne Gel Cleanser is a dermatologist-developed cleanser designed to remove excess oil and impurities while treating active acne without stripping the skin.,Cleanser,Peace Out,24.0,"{""percentage"": 0, ""discountedPrice"": 24.0}",217,True,"[{""size"": ""150ml"", ""price"": 24.0, ""stock"": 72}, {""size"": ""200ml"", ""price"": 24.0, ""stock"": 145}]",[],"[""2% Salicylic Acid"", ""Maltobionic Acid"", ""Ceramide Complex""]","[""Oily Skin""]",0,0,"{""1"": 0, ""2"": 0, ""3"": 0, ""4"": 0, ""5"": 0}",Use twice daily. Massage onto wet skin for 60–60 seconds and rinse thoroughly.,"Avoid direct contact with eyes. If irritation occurs, discontinue use.",0,False,False,2025-05-01T19:51:58.385025,2025-05-01T19:51:58.385025,Acne
CeraVe Hydrating Facial Cleanser,CeraVe Hydrating Facial Cleanser is a dermatologist-developed cleanser designed to remove excess oil and impurities while treating active acne without stripping the skin.,Cleanser,CeraVe,14.99,"{""percentage"": 0, ""discountedPrice"": 14.99}",103,True,"[{""size"": ""100ml"", ""price"": 14.99, ""stock"": 103}]",[],"[""Ceramides"", ""Hyaluronic Acid"", ""Glycerin""]","[""Dry Skin""]",0,0,"{""1"": 0, ""2"": 0, ""3"": 0, ""4"": 0, ""5"": 0}",Use twice daily. Massage onto wet skin for 60–60 seconds and rinse thoroughly.,"Avoid direct contact with eyes. If irritation occurs, discontinue use.",0,False,False,2025-05-01T19:51:58.385025,2025-05-01T19:51:58.385025,Acne
La Roche-Posay Toleriane Hydrating Gentle Cleanser,La Roche-Posay Toleriane Hydrating Gentle Cleanser is a dermatologist-developed cleanser designed to remove excess oil and impurities while treating active acne without stripping the skin.,Cleanser,La Roche-Posay,15.99,"{""percentage"": 0, ""discountedPrice"": 15.99}",140,True,"[{""size"": ""150ml"", ""price"": 15.99, ""stock"": 116}, {""size"": ""100ml"", ""price"": 15.99, ""stock"": 24}]",[],"[""Ceramides"", ""Niacinamide"", ""Glycerin""]","[""Dry Skin""]",0,0,"{""1"": 0, ""2"": 0, ""3"": 0, ""4"": 0, ""5"": 0}",Use twice daily. Massage onto wet skin for 60–60 seconds and rinse thoroughly.,"Avoid direct contact with eyes. If irritation occurs, discontinue use.",0,False,False,2025-05-01T19:51:58.385025,2025-05-01T19:51:58.385025,Acne
Cetaphil Gentle Skin Cleanser,Cetaphil Gentle Skin Cleanser is a dermatologist-developed cleanser designed to remove excess oil and impurities while treating active acne without stripping the skin.,Cleanser,Cetaphil,10.49,"{""percentage"": 0, ""discountedPrice"": 10.49}",37,True,"[{""size"": ""200ml"", ""price"": 10.49, ""stock"": 37}]",[],"[""Glycerin"", ""Panthenol"", ""Niacinamide""]","[""Dry Skin""]",0,0,"{""1"": 0, ""2"": 0, ""3"": 0, ""4"": 0, ""5"": 0}",Use twice daily. Massage onto wet skin for 60–60 seconds and rinse thoroughly.,"Avoid direct contact with eyes. If irritation occurs, discontinue use.",0,False,False,2025-05-01T19:51:58.385025,2025-05-01T19:51:58.385025,Acne
First Aid Beauty Pure Skin Face Cleanser,First Aid Beauty Pure Skin Face Cleanser is a dermatologist-developed cleanser designed to remove excess oil and impurities while treating active acne without stripping the skin.,Cleanser,First Aid Beauty,24.0,"{""percentage"": 0, ""discountedPrice"": 24.0}",120,True,"[{""size"": ""150ml"", ""price"": 24.0, ""stock"": 120}]",[],"[""Glycerin"", ""Aloe Vera""]","[""Dry Skin""]",0,0,"{""1"": 0, ""2"": 0, ""3"": 0, ""4"": 0, ""5"": 0}",Use twice daily. Massage onto wet skin for 60–60 seconds and rinse thoroughly.,"Avoid direct contact with eyes. If irritation occurs, discontinue use.",0,False,False,2025-05-01T19:51:58.385025,2025-05-01T19:51:58.385025,Acne
CeraVe Renewing SA Cleanser,CeraVe Renewing SA Cleanser is a dermatologist-developed cleanser designed to remove excess oil and impurities while treating active acne without stripping the skin.,Cleanser,CeraVe,13.99,"{""percentage"": 0, ""discountedPrice"": 13.99}",119,True,"[{""size"": ""100ml"", ""price"": 13.99, ""stock"": 93}, {""size"": ""150ml"", ""price"": 13.99, ""stock"": 26}]",[],"[""Salicylic Acid"", ""Ceramides"", ""Hyaluronic Acid"", ""Niacinamide""]","[""Dry Skin""]",0,0,"{""1"": 0, ""2"": 0, ""3"": 0, ""4"": 0, ""5"": 0}",Use twice daily. Massage onto wet skin for 60–60 seconds and rinse thoroughly.,"Avoid direct contact with eyes. If irritation occurs, discontinue use.",0,False,False,2025-05-01T19:51:58.385025,2025-05-01T19:51:58.385025,Acne
Vanicream Gentle Facial Cleanser,Vanicream Gentle Facial Cleanser is a dermatologist-developed cleanser designed to remove excess oil and impurities while treating active acne without stripping the skin.,Cleanser,Vanicream,9.99,"{""percentage"": 0, ""discountedPrice"": 9.99}",55,True,"[{""size"": ""200ml"", ""price"": 9.99, ""stock"": 28}, {""size"": ""100ml"", ""price"": 9.99, ""stock"": 27}]",[],"[""Glycerin"", ""coco-glucoside"", ""sodium cocoyl glycinate"", ""acrylates copolymer"", ""caprylyl glycol"", ""mica"", ""sodium chloride"", ""1"", ""2-hexanediol"", ""titanium dioxide"", ""sodium hydroxide"", ""disodium EDTA""]","[""Dry Skin""]",0,0,"{""1"": 0, ""2"": 0, ""3"": 0, ""4"": 0, ""5"": 0}",Use twice daily. Massage onto wet skin for 60–60 seconds and rinse thoroughly.,"Avoid direct contact with eyes. If irritation occurs, discontinue use.",0,False,False,2025-05-01T19:51:58.385025,2025-05-01T19:51:58.385025,Acne
Youth to the People Superfood Cleanser,Youth to the People Superfood Cleanser is a dermatologist-developed cleanser designed to remove excess oil and impurities while treating active acne without stripping the skin.,Cleanser,Youth to the People,36.0,"{""percentage"": 0, ""discountedPrice"": 36.0}",73,True,"[{""size"": ""200ml"", ""price"": 36.0, ""stock"": 73}]",[],"[""Kale"", ""Spinach"", ""Green Tea"", ""Alfalfa"", ""Vitamin C"", ""Vitamin E""]","[""Normal Skin""]",0,0,"{""1"": 0, ""2"": 0, ""3"": 0, ""4"": 0, ""5"": 0}",Use twice daily. Massage onto wet skin for 60–60 seconds and rinse thoroughly.,"Avoid direct contact with eyes. If irritation occurs, discontinue use.",0,False,False,2025-05-01T19:51:58.385025,2025-05-01T19:51:58.385025,Acne
Glossier Milky Jelly Cleanser,Glossier Milky Jelly Cleanser is a dermatologist-developed cleanser designed to remove excess oil and impurities while treating active acne without stripping the skin.,Cleanser,Glossier,18.0,"{""percentage"": 0, ""discountedPrice"": 18.0}",69,True,"[{""size"": ""150ml"", ""price"": 18.0, ""stock"": 21}, {""size"": ""100ml"", ""price"": 18.0, ""stock"": 48}]",[],"[""Poloxamer"", ""Rose Water"", ""Pro-Vitamin B5""]","[""Normal Skin""]",0,0,"{""1"": 0, ""2"": 0, ""3"": 0, ""4"": 0, ""5"": 0}",Use twice daily. Massage onto wet skin for 60–60 seconds and rinse thoroughly.,"Avoid direct contact with eyes. If irritation occurs, discontinue use.",0,False,False,2025-05-01T19:51:58.385025,2025-05-01T19:51:58.385025,Acne
Tatcha The Rice Wash,Tatcha The Rice Wash is a dermatologist-developed cleanser designed to remove excess oil and impurities while treating active acne without stripping the skin.,Cleanser,Tatcha,36.0,"{""percentage"": 0, ""discountedPrice"": 36.0}",180,True,"[{""size"": ""100ml"", ""price"": 36.0, ""stock"": 146}, {""size"": ""150ml"", ""price"": 36.0, ""stock"": 34}]",[],"[""Japanese Rice Powder"", ""Hyaluronic Acid""]","[""Normal Skin""]",0,0,"{""1"": 0, ""2"": 0, ""3"": 0, ""4"": 0, ""5"": 0}",Use twice daily. Massage onto wet skin for 60–60 seconds and rinse thoroughly.,"Avoid direct contact with eyes. If irritation occurs, discontinue use.",0,False,False,2025-05-01T19:51:58.385025,2025-05-01T19:51:58.385025,Acne
Fresh Soy Face Cleanser,Fresh Soy Face Cleanser is a dermatologist-developed cleanser designed to remove excess oil and impurities while treating active acne without stripping the skin.,Cleanser,Fresh,38.0,"{""percentage"": 0, ""discountedPrice"": 38.0}",187,True,"[{""size"": ""150ml"", ""price"": 38.0, ""stock"": 57}, {""size"": ""200ml"", ""price"": 38.0, ""stock"": 130}]",[],"[""Soy Proteins"", ""Cucumber Extract"", ""Rosewater""]","[""Normal Skin""]",0,0,"{""1"": 0, ""2"": 0, ""3"": 0, ""4"": 0, ""5"": 0}",Use twice daily. Massage onto wet skin for 60–60 seconds and rinse thoroughly.,"Avoid direct contact with eyes. If irritation occurs, discontinue use.",0,False,False,2025-05-01T19:51:58.385025,2025-05-01T19:51:58.385025,Acne
EltaMD Foaming Facial Cleanser,EltaMD Foaming Facial Cleanser is a dermatologist-developed cleanser designed to remove excess oil and impurities while treating active acne without stripping the skin.,Cleanser,EltaMD,32.0,"{""percentage"": 0, ""discountedPrice"": 32.0}",216,True,"[{""size"": ""150ml"", ""price"": 32.0, ""stock"": 74}, {""size"": ""100ml"", ""price"": 32.0, ""stock"": 142}]",[],"[""Bromelain"", ""Apple Amino Acids""]","[""Normal Skin""]",0,0,"{""1"": 0, ""2"": 0, ""3"": 0, ""4"": 0, ""5"": 0}",Use twice daily. Massage onto wet skin for 60–60 seconds and rinse thoroughly.,"Avoid direct contact with eyes. If irritation occurs, discontinue use.",0,False,False,2025-05-01T19:51:58.385025,2025-05-01T19:51:58.385025,Acne
